Node, x_pos, y_pos, target_x, target_y
0, -3, -10, -1, -9
1, -6, 3, -4, 2
2, 6, 8, 7, 5
3, -4, -7, -7, -4
4, -2, -2, -8, -3
5, 2, -5, -10, -4
6, 4, 9, 2, 6
7, -5, -5, -7, -4
8, 0, 3, 3, 5
9, 1, 0, 0, 9
0, -1.21115, -9.10557, -1, -9
1, -4.21115, 2.10557, -4, 2
2, 6.63246, 6.10263, 7, 5
3, -5.41421, -5.58579, -7, -4
4, -3.97279, -2.3288, -8, -3
5, 0.00690848, -4.83391, -10, -4
6, 2.8906, 7.3359, 2, 6
7, -6.78885, -4.10557, -7, -4
8, 1.6641, 4.1094, 3, 5
9, 0.779137, 1.98777, 0, 9
0, -1, -9, -1, -9
1, -4, 2, -4, 2
2, 7, 5, 7, 5
3, -6.82843, -4.17157, -7, -4
4, -5.94558, -2.6576, -8, -3
5, -1.98618, -4.66782, -10, -4
6, 2, 6, 2, 6
7, -7, -4, -7, -4
8, 3, 5, 3, 5
9, 0.558274, 3.97553, 0, 9
0, -1, -9, -1, -9
1, -4, 2, -4, 2
2, 7, 5, 7, 5
3, -7, -4, -7, -4
4, -7.91836, -2.98639, -8, -3
5, -3.97927, -4.50173, -10, -4
6, 2, 6, 2, 6
7, -7, -4, -7, -4
8, 3, 5, 3, 5
9, 0.337411, 5.9633, 0, 9
0, -1, -9, -1, -9
1, -4, 2, -4, 2
2, 7, 5, 7, 5
3, -7, -4, -7, -4
4, -8, -3, -8, -3
5, -5.97237, -4.33564, -10, -4
6, 2, 6, 2, 6
7, -7, -4, -7, -4
8, 3, 5, 3, 5
9, 0.116548, 7.95107, 0, 9
0, -1, -9, -1, -9
1, -4, 2, -4, 2
2, 7, 5, 7, 5
3, -7, -4, -7, -4
4, -8, -3, -8, -3
5, -7.96546, -4.16955, -10, -4
6, 2, 6, 2, 6
7, -7, -4, -7, -4
8, 3, 5, 3, 5
9, 0, 9, 0, 9
0, -1, -9, -1, -9
1, -4, 2, -4, 2
2, 7, 5, 7, 5
3, -7, -4, -7, -4
4, -8, -3, -8, -3
5, -9.95855, -4.00345, -10, -4
6, 2, 6, 2, 6
7, -7, -4, -7, -4
8, 3, 5, 3, 5
9, 0, 9, 0, 9
0, -1, -9, -1, -9
1, -4, 2, -4, 2
2, 7, 5, 7, 5
3, -7, -4, -7, -4
4, -8, -3, -8, -3
5, -10, -4, -10, -4
6, 2, 6, 2, 6
7, -7, -4, -7, -4
8, 3, 5, 3, 5
9, 0, 9, 0, 9
